{"cameraMode":{"drawMode":2,"name":"Shaded Wireframe","section":"Shading Mode"},"sceneLighting":true,"audioPlay":false,"sceneViewState":{"showFog":true,"showMaterialUpdate":false,"showSkybox":true,"showFlares":true,"showImageEffects":true,"showParticleSystems":true},"in2DMode":false,"pivot":{"x":-1.49489426612854,"y":0.9090225696563721,"z":-1.516822099685669},"rotation":{"x":0.07688214629888535,"y":-0.9034025073051453,"z":0.1826586127281189,"w":0.380248486995697},"size":1.441863775253296,"orthographic":false}